ISO3,Country,NRT retail,NRT WHO,Varenicline retail,Varenicline WHO,Cytisine retail,Cytisine WHO,Bupropion retail,Bupropion WHO,At least one,Full set,All UNCERTAIN
AFG,Afghanistan,UNCERTAIN,No,UNCERTAIN,No,UNCERTAIN,No,UNCERTAIN,No,NO,NO,YES
AGO,Angola,AVAILABLE,No,UNAVAILABLE,No,UNAVAILABLE,,UNAVAILABLE,No,YES,NO,NO
ALB,Albania,UNAVAILABLE,No,UNAVAILABLE,No,UNAVAILABLE,,UNAVAILABLE,No,NO,NO,NO
AND,Andorra,AVAILABLE,Yes,UNAVAILABLE,Yes,UNAVAILABLE,,UNAVAILABLE,Yes,YES,NO,NO
ARE,United Arab Emirates,AVAILABLE,Yes,UNAVAILABLE,Yes,UNAVAILABLE,No,UNAVAILABLE,Yes,YES,NO,NO
ARG,Argentina,AVAILABLE,Yes,UNAVAILABLE,Yes,UNAVAILABLE,No,AVAILABLE,Yes,YES,NO,NO
ARM,Armenia,UNAVAILABLE,Yes,UNAVAILABLE,Yes,AVAILABLE,Yes,UNAVAILABLE,Yes,YES,NO,NO
ATG,Antigua and Barbuda,AVAILABLE,No,AVAILABLE,No,AVAILABLE,No,AVAILABLE,No,YES,YES,NO
AUS,Australia,AVAILABLE,Yes,AVAILABLE,Yes,UNAVAILABLE,No,AVAILABLE,Yes,YES,YES,NO
AUT,Austria,AVAILABLE,Yes,AVAILABLE,Yes,AVAILABLE,Yes,UNCERTAIN,No,YES,NO,NO
AZE,Azerbaijan,AVAILABLE,No,UNAVAILABLE,No,AVAILABLE,Yes,UNAVAILABLE,No,YES,NO,NO
BDI,Burundi,UNAVAILABLE,No,UNAVAILABLE,No,UNAVAILABLE,No,AVAILABLE,No,YES,NO,NO
BEL,Belgium,AVAILABLE,Yes,UNAVAILABLE,Yes,UNAVAILABLE,Yes,UNAVAILABLE,Yes,YES,NO,NO
BEN,Benin,AVAILABLE,No,UNAVAILABLE,No,UNAVAILABLE,No,UNAVAILABLE,No,YES,NO,NO
BFA,Burkina Faso,UNAVAILABLE,Yes,UNAVAILABLE,No,UNAVAILABLE,No,UNAVAILABLE,Yes,NO,NO,NO
BGD,Bangladesh,UNAVAILABLE,No,UNAVAILABLE,Yes,UNAVAILABLE,No,AVAILABLE,Yes,YES,NO,NO
BGR,Bulgaria,AVAILABLE,Yes,UNAVAILABLE,No,AVAILABLE,Yes,UNAVAILABLE,No,YES,NO,NO
BHR,Bahrain,AVAILABLE,Yes,UNAVAILABLE,Yes,UNAVAILABLE,No,UNAVAILABLE,Yes,YES,NO,NO
BHS,Bahamas,AVAILABLE,Yes,UNAVAILABLE,Yes,UNAVAILABLE,Yes,UNAVAILABLE,Yes,YES,NO,NO
BIH,Bosnia and Herzegovina,AVAILABLE,Yes,UNAVAILABLE,Yes,UNAVAILABLE,No,UNAVAILABLE,Yes,YES,NO,NO
BLR,Belarus,UNAVAILABLE,Yes,UNAVAILABLE,Yes,AVAILABLE,No,UNAVAILABLE,No,YES,NO,NO
BLZ,Belize,UNAVAILABLE,No,UNAVAILABLE,No,UNAVAILABLE,No,UNAVAILABLE,Yes,NO,NO,NO
BOL,Bolivia,UNAVAILABLE,No,UNAVAILABLE,No,UNAVAILABLE,No,AVAILABLE,No,YES,NO,NO
BRA,Brazil,AVAILABLE,Yes,AVAILABLE,No,UNAVAILABLE,No,AVAILABLE,Yes,YES,YES,NO
BRB,Barbados,UNAVAILABLE,No,UNAVAILABLE,No,UNAVAILABLE,No,UNAVAILABLE,No,NO,NO,NO
BRN,Brunei,UNAVAILABLE,Yes,UNAVAILABLE,Yes,UNAVAILABLE,No,UNAVAILABLE,No,NO,NO,NO
BTN,Bhutan,UNAVAILABLE,No,UNAVAILABLE,No,UNAVAILABLE,,UNAVAILABLE,No,NO,NO,NO
BWA,Botswana,AVAILABLE,No,UNAVAILABLE,No,UNAVAILABLE,,UNAVAILABLE,No,YES,NO,NO
CAF,Central African Republic,UNCERTAIN,No,UNCERTAIN,No,UNCERTAIN,,UNCERTAIN,No,NO,NO,YES
CAN,Canada,AVAILABLE,Yes,AVAILABLE,Yes,UNAVAILABLE,Yes,AVAILABLE,Yes,YES,YES,NO
CHE,Switzerland,AVAILABLE,Yes,AVAILABLE,Yes,AVAILABLE,No,AVAILABLE,Yes,YES,YES,NO
CHL,Chile,AVAILABLE,Yes,UNAVAILABLE,Yes,UNAVAILABLE,No,AVAILABLE,Yes,YES,NO,NO
CHN,China,UNAVAILABLE,Yes,AVAILABLE,Yes,UNAVAILABLE,No,AVAILABLE,Yes,YES,NO,NO
CIV,Côte d'Ivoire,UNAVAILABLE,No,UNAVAILABLE,No,UNAVAILABLE,No,UNAVAILABLE,No,NO,NO,NO
CMR,Cameroon,UNAVAILABLE,Yes,UNAVAILABLE,No,UNAVAILABLE,No,UNAVAILABLE,Yes,NO,NO,NO
COD,Democratic Republic of the Congo,AVAILABLE,No,AVAILABLE,No,AVAILABLE,No,AVAILABLE,No,YES,YES,NO
COG,Republic of the Congo,UNAVAILABLE,Yes,UNAVAILABLE,Yes,UNAVAILABLE,No,UNAVAILABLE,Yes,NO,NO,NO
COK,Cook Islands,UNCERTAIN,Yes,UNCERTAIN,No,UNCERTAIN,No,UNCERTAIN,No,NO,NO,YES
COL,Colombia,AVAILABLE,Yes,UNAVAILABLE,Yes,UNAVAILABLE,No,AVAILABLE,Yes,YES,NO,NO
COM,Comoros,UNAVAILABLE,No,UNAVAILABLE,No,UNAVAILABLE,No,UNAVAILABLE,No,NO,NO,NO
CPV,Cabo Verde,UNAVAILABLE,No,UNAVAILABLE,No,UNAVAILABLE,No,UNAVAILABLE,No,NO,NO,NO
CRI,Costa Rica,UNAVAILABLE,Yes,UNAVAILABLE,Yes,UNAVAILABLE,No,AVAILABLE,Yes,YES,NO,NO
CUB,Cuba,UNAVAILABLE,No,UNAVAILABLE,No,UNAVAILABLE,No,UNAVAILABLE,No,NO,NO,NO
CYP,Cyprus,AVAILABLE,Yes,UNAVAILABLE,Yes,UNAVAILABLE,No,UNAVAILABLE,Yes,YES,NO,NO
CZE,Czechia,AVAILABLE,Yes,UNAVAILABLE,No,AVAILABLE,Yes,UNAVAILABLE,Yes,YES,NO,NO
DEU,Germany,AVAILABLE,Yes,AVAILABLE,Yes,AVAILABLE,Yes,AVAILABLE,No,YES,YES,NO
DJI,Djibouti,UNAVAILABLE,No,UNAVAILABLE,No,UNAVAILABLE,No,UNAVAILABLE,No,NO,NO,NO
DMA,Dominica,AVAILABLE,No,AVAILABLE,No,AVAILABLE,,AVAILABLE,No,YES,YES,NO
DNK,Denmark,AVAILABLE,Yes,AVAILABLE,Yes,AVAILABLE,Yes,AVAILABLE,Yes,YES,YES,NO
DOM,Dominican Republic,AVAILABLE,Yes,UNAVAILABLE,Yes,UNAVAILABLE,No,AVAILABLE,Yes,YES,NO,NO
DZA,Algeria,AVAILABLE,No,UNAVAILABLE,No,UNAVAILABLE,No,UNAVAILABLE,No,YES,NO,NO
ECU,Ecuador,AVAILABLE,No,AVAILABLE,No,AVAILABLE,No,AVAILABLE,Yes,YES,YES,NO
EGY,Egypt,AVAILABLE,No,AVAILABLE,No,AVAILABLE,No,AVAILABLE,No,YES,YES,NO
ERI,Eritrea,UNCERTAIN,No,UNCERTAIN,No,UNCERTAIN,,UNCERTAIN,No,NO,NO,YES
ESP,Spain,AVAILABLE,Yes,AVAILABLE,Yes,AVAILABLE,Yes,AVAILABLE,Yes,YES,YES,NO
EST,Estonia,AVAILABLE,Yes,AVAILABLE,Yes,AVAILABLE,No,AVAILABLE,Yes,YES,YES,NO
ETH,Ethiopia,UNAVAILABLE,Yes,UNAVAILABLE,No,UNAVAILABLE,,UNAVAILABLE,Yes,NO,NO,NO
FIN,Finland,AVAILABLE,Yes,AVAILABLE,Yes,AVAILABLE,No,AVAILABLE,Yes,YES,YES,NO
FJI,Fiji,UNAVAILABLE,No,UNAVAILABLE,No,UNAVAILABLE,No,UNAVAILABLE,No,NO,NO,NO
FRA,France,AVAILABLE,Yes,AVAILABLE,Yes,AVAILABLE,No,AVAILABLE,Yes,YES,YES,NO
FSM,Federated States of Micronesia,UNAVAILABLE,Yes,UNAVAILABLE,No,UNAVAILABLE,No,UNAVAILABLE,No,NO,NO,NO
GAB,Gabon,AVAILABLE,No,UNAVAILABLE,No,UNAVAILABLE,No,UNAVAILABLE,No,YES,NO,NO
GBR,United Kingdom,AVAILABLE,Yes,AVAILABLE,Yes,AVAILABLE,Yes,AVAILABLE,Yes,YES,YES,NO
GEO,Georgia,UNAVAILABLE,Yes,UNAVAILABLE,Yes,AVAILABLE,Yes,AVAILABLE,Yes,YES,NO,NO
GHA,Ghana,UNAVAILABLE,No,UNAVAILABLE,No,UNAVAILABLE,No,UNAVAILABLE,No,NO,NO,NO
GIN,Guinea,UNAVAILABLE,No,UNAVAILABLE,No,UNAVAILABLE,,UNAVAILABLE,No,NO,NO,NO
GMB,Gambia,UNAVAILABLE,No,UNAVAILABLE,No,UNAVAILABLE,No,UNAVAILABLE,No,NO,NO,NO
GNB,Guinea-Bissau,UNAVAILABLE,No,UNAVAILABLE,No,UNAVAILABLE,No,UNAVAILABLE,No,NO,NO,NO
GNQ,Equatorial Guinea,UNAVAILABLE,No,UNAVAILABLE,No,UNAVAILABLE,,UNAVAILABLE,No,NO,NO,NO
GRC,Greece,AVAILABLE,Yes,UNAVAILABLE,No,UNAVAILABLE,Yes,UNAVAILABLE,No,YES,NO,NO
GRD,Grenada,UNAVAILABLE,No,UNAVAILABLE,No,UNAVAILABLE,No,UNAVAILABLE,No,NO,NO,NO
GTM,Guatemala,UNAVAILABLE,No,UNAVAILABLE,No,UNAVAILABLE,No,AVAILABLE,No,YES,NO,NO
GUY,Guyana,AVAILABLE,Yes,UNAVAILABLE,No,UNAVAILABLE,No,UNCERTAIN,Yes,YES,NO,NO
HND,Honduras,UNAVAILABLE,No,UNAVAILABLE,No,UNAVAILABLE,No,AVAILABLE,Yes,YES,NO,NO
HRV,Croatia,AVAILABLE,Yes,AVAILABLE,Yes,AVAILABLE,No,AVAILABLE,Yes,YES,YES,NO
HTI,Haiti,UNAVAILABLE,No,UNAVAILABLE,No,UNAVAILABLE,,UNAVAILABLE,No,NO,NO,NO
HUN,Hungary,AVAILABLE,Yes,UNAVAILABLE,Yes,AVAILABLE,Yes,UNAVAILABLE,No,YES,NO,NO
IDN,Indonesia,AVAILABLE,Yes,UNAVAILABLE,No,UNAVAILABLE,No,UNAVAILABLE,No,YES,NO,NO
IND,India,AVAILABLE,Yes,AVAILABLE,Yes,UNAVAILABLE,No,AVAILABLE,Yes,YES,YES,NO
IRL,Ireland,AVAILABLE,Yes,UNAVAILABLE,Yes,AVAILABLE,Yes,AVAILABLE,Yes,YES,YES,NO
IRN,Iran,AVAILABLE,Yes,AVAILABLE,Yes,UNAVAILABLE,No,AVAILABLE,Yes,YES,YES,NO
IRQ,Iraq,AVAILABLE,No,UNAVAILABLE,No,UNAVAILABLE,No,UNAVAILABLE,No,YES,NO,NO
ISL,Iceland,AVAILABLE,Yes,UNAVAILABLE,Yes,UNAVAILABLE,No,UNAVAILABLE,Yes,YES,NO,NO
ISR,Israel,AVAILABLE,Yes,UNAVAILABLE,Yes,UNAVAILABLE,,UNAVAILABLE,Yes,YES,NO,NO
ITA,Italy,AVAILABLE,Yes,UNAVAILABLE,Yes,UNCERTAIN,Yes,UNAVAILABLE,Yes,YES,NO,NO
JAM,Jamaica,AVAILABLE,Yes,UNAVAILABLE,Yes,UNAVAILABLE,No,UNAVAILABLE,Yes,YES,NO,NO
JOR,Jordan,AVAILABLE,Yes,AVAILABLE,Yes,UNAVAILABLE,No,AVAILABLE,No,YES,YES,NO
JPN,Japan,AVAILABLE,Yes,UNAVAILABLE,Yes,UNAVAILABLE,No,UNAVAILABLE,No,YES,NO,NO
KAZ,Kazakhstan,AVAILABLE,Yes,UNAVAILABLE,Yes,AVAILABLE,Yes,AVAILABLE,Yes,YES,YES,NO
KEN,Kenya,AVAILABLE,No,AVAILABLE,No,AVAILABLE,,AVAILABLE,No,YES,YES,NO
KGZ,Kyrgyzstan,AVAILABLE,No,AVAILABLE,Yes,AVAILABLE,,UNAVAILABLE,No,YES,NO,NO
KHM,Cambodia,UNAVAILABLE,No,UNAVAILABLE,No,UNAVAILABLE,No,UNAVAILABLE,No,NO,NO,NO
KIR,Kiribati,UNAVAILABLE,No,UNAVAILABLE,No,UNAVAILABLE,No,UNAVAILABLE,No,NO,NO,NO
KNA,Saint Kitts and Nevis,UNCERTAIN,No,UNAVAILABLE,No,UNAVAILABLE,No,UNAVAILABLE,No,NO,NO,NO
KOR,South Korea,AVAILABLE,Yes,UNAVAILABLE,Yes,UNAVAILABLE,No,UNAVAILABLE,Yes,YES,NO,NO
KWT,Kuwait,AVAILABLE,Yes,UNAVAILABLE,Yes,UNAVAILABLE,No,UNAVAILABLE,No,YES,NO,NO
LAO,Laos,UNAVAILABLE,No,UNAVAILABLE,No,UNAVAILABLE,No,UNAVAILABLE,No,NO,NO,NO
LBN,Lebanon,AVAILABLE,No,UNAVAILABLE,No,UNAVAILABLE,No,UNAVAILABLE,No,YES,NO,NO
LBR,Liberia,UNAVAILABLE,No,UNAVAILABLE,No,UNAVAILABLE,,AVAILABLE,No,YES,NO,NO
LBY,Libya,UNCERTAIN,No,UNCERTAIN,No,UNCERTAIN,No,UNCERTAIN,No,NO,NO,YES
LCA,Saint Lucia,AVAILABLE,Yes,AVAILABLE,No,AVAILABLE,No,AVAILABLE,Yes,YES,YES,NO
LKA,Sri Lanka,UNAVAILABLE,No,UNAVAILABLE,No,UNAVAILABLE,,UNAVAILABLE,No,NO,NO,NO
LSO,Lesotho,UNAVAILABLE,No,UNAVAILABLE,No,UNAVAILABLE,No,UNAVAILABLE,No,NO,NO,NO
LTU,Lithuania,AVAILABLE,Yes,AVAILABLE,Yes,AVAILABLE,Yes,AVAILABLE,Yes,YES,YES,NO
LUX,Luxembourg,AVAILABLE,Yes,UNAVAILABLE,Yes,UNAVAILABLE,No,UNAVAILABLE,Yes,YES,NO,NO
LVA,Latvia,AVAILABLE,Yes,AVAILABLE,Yes,AVAILABLE,Yes,AVAILABLE,No,YES,YES,NO
MAR,Morocco,AVAILABLE,Yes,AVAILABLE,Yes,UNAVAILABLE,No,AVAILABLE,Yes,YES,YES,NO
MCO,Monaco,UNCERTAIN,Yes,UNCERTAIN,Yes,UNAVAILABLE,No,UNCERTAIN,Yes,NO,NO,NO
MDA,Moldova,UNAVAILABLE,No,UNAVAILABLE,No,AVAILABLE,Yes,UNAVAILABLE,No,YES,NO,NO
MDG,Madagascar,UNCERTAIN,Yes,UNAVAILABLE,Yes,UNAVAILABLE,No,UNAVAILABLE,Yes,NO,NO,NO
MDV,Maldives,UNCERTAIN,Yes,UNAVAILABLE,No,UNAVAILABLE,,UNCERTAIN,No,NO,NO,NO
MEX,Mexico,UNAVAILABLE,Yes,UNAVAILABLE,Yes,UNAVAILABLE,No,UNAVAILABLE,Yes,NO,NO,NO
MHL,Marshall Islands,UNCERTAIN,No,UNAVAILABLE,No,UNAVAILABLE,,UNAVAILABLE,No,NO,NO,NO
MKD,North Macedonia,AVAILABLE,Yes,UNAVAILABLE,No,AVAILABLE,Yes,UNAVAILABLE,No,YES,NO,NO
MLI,Mali,AVAILABLE,No,UNAVAILABLE,No,UNAVAILABLE,No,UNAVAILABLE,No,YES,NO,NO
MLT,Malta,AVAILABLE,Yes,UNCERTAIN,Yes,UNAVAILABLE,Yes,UNCERTAIN,Yes,YES,NO,NO
MMR,Myanmar,UNAVAILABLE,No,UNAVAILABLE,No,UNAVAILABLE,No,UNAVAILABLE,No,NO,NO,NO
MNE,Montenegro,AVAILABLE,No,UNAVAILABLE,No,AVAILABLE,No,UNAVAILABLE,No,YES,NO,NO
MNG,Mongolia,UNAVAILABLE,Yes,UNAVAILABLE,No,UNAVAILABLE,Yes,UNAVAILABLE,No,NO,NO,NO
MOZ,Mozambique,UNAVAILABLE,No,UNAVAILABLE,No,UNAVAILABLE,No,UNCERTAIN,Yes,NO,NO,NO
MRT,Mauritania,UNAVAILABLE,No,UNAVAILABLE,No,UNAVAILABLE,No,UNAVAILABLE,No,NO,NO,NO
MUS,Mauritius,UNAVAILABLE,Yes,UNAVAILABLE,No,UNAVAILABLE,No,UNAVAILABLE,Yes,NO,NO,NO
MWI,Malawi,UNAVAILABLE,No,UNAVAILABLE,No,UNAVAILABLE,,UNAVAILABLE,No,NO,NO,NO
MYS,Malaysia,AVAILABLE,Yes,AVAILABLE,Yes,AVAILABLE,No,AVAILABLE,No,YES,YES,NO
NAM,Namibia,UNAVAILABLE,Yes,UNAVAILABLE,No,UNAVAILABLE,No,UNAVAILABLE,No,NO,NO,NO
NER,Niger,UNCERTAIN,No,UNCERTAIN,No,UNCERTAIN,No,UNCERTAIN,No,NO,NO,YES
NGA,Nigeria,AVAILABLE,Yes,AVAILABLE,Yes,AVAILABLE,No,AVAILABLE,Yes,YES,YES,NO
NIC,Nicaragua,UNAVAILABLE,,UNAVAILABLE,,UNAVAILABLE,,AVAILABLE,,YES,NO,NO
NIU,Niue,UNCERTAIN,Yes,UNCERTAIN,No,UNCERTAIN,No,UNCERTAIN,No,NO,NO,YES
NLD,Netherlands,AVAILABLE,Yes,AVAILABLE,Yes,UNAVAILABLE,Yes,UNAVAILABLE,Yes,YES,NO,NO
NOR,Norway,AVAILABLE,Yes,AVAILABLE,Yes,UNAVAILABLE,No,AVAILABLE,Yes,YES,YES,NO
NPL,Nepal,UNAVAILABLE,No,UNAVAILABLE,No,UNAVAILABLE,No,AVAILABLE,No,YES,NO,NO
NRU,Nauru,UNCERTAIN,No,UNCERTAIN,No,UNCERTAIN,No,UNCERTAIN,No,NO,NO,YES
NZL,New Zealand,AVAILABLE,Yes,UNAVAILABLE,Yes,UNAVAILABLE,No,UNAVAILABLE,Yes,YES,NO,NO
OMN,Oman,AVAILABLE,Yes,UNAVAILABLE,Yes,UNAVAILABLE,No,UNAVAILABLE,Yes,YES,NO,NO
PAK,Pakistan,UNAVAILABLE,Yes,UNAVAILABLE,Yes,UNAVAILABLE,No,AVAILABLE,Yes,YES,NO,NO
PAN,Panama,UNAVAILABLE,No,UNAVAILABLE,No,UNAVAILABLE,No,UNAVAILABLE,Yes,NO,NO,NO
PER,Peru,UNAVAILABLE,Yes,UNAVAILABLE,Yes,UNAVAILABLE,No,AVAILABLE,Yes,YES,NO,NO
PHL,Philippines,AVAILABLE,Yes,UNAVAILABLE,Yes,UNAVAILABLE,No,UNAVAILABLE,Yes,YES,NO,NO
PLW,Palau,AVAILABLE,Yes,UNCERTAIN,Yes,UNAVAILABLE,No,UNCERTAIN,Yes,YES,NO,NO
PNG,Papua New Guinea,UNAVAILABLE,No,UNAVAILABLE,No,UNAVAILABLE,No,UNAVAILABLE,No,NO,NO,NO
POL,Poland,AVAILABLE,Yes,AVAILABLE,Yes,AVAILABLE,Yes,AVAILABLE,Yes,YES,YES,NO
PRK,North Korea,UNCERTAIN,Yes,UNCERTAIN,No,UNCERTAIN,No,UNCERTAIN,No,NO,NO,YES
PRT,Portugal,AVAILABLE,Yes,AVAILABLE,Yes,AVAILABLE,Yes,AVAILABLE,Yes,YES,YES,NO
PRY,Paraguay,AVAILABLE,No,AVAILABLE,No,AVAILABLE,No,AVAILABLE,Yes,YES,YES,NO
PSE,Palestine,UNCERTAIN,Yes,UNCERTAIN,Yes,UNCERTAIN,No,UNCERTAIN,Yes,NO,NO,YES
QAT,Qatar,AVAILABLE,Yes,UNAVAILABLE,Yes,AVAILABLE,No,AVAILABLE,Yes,YES,YES,NO
ROU,Romania,AVAILABLE,Yes,AVAILABLE,Yes,AVAILABLE,Yes,AVAILABLE,Yes,YES,YES,NO
RUS,Russia,AVAILABLE,Yes,UNAVAILABLE,Yes,AVAILABLE,Yes,UNAVAILABLE,No,YES,NO,NO
RWA,Rwanda,AVAILABLE,No,UNAVAILABLE,No,UNAVAILABLE,,UNAVAILABLE,No,YES,NO,NO
SAU,Saudi Arabia,AVAILABLE,Yes,AVAILABLE,Yes,UNAVAILABLE,No,AVAILABLE,Yes,YES,YES,NO
SDN,Sudan,UNCERTAIN,No,UNCERTAIN,No,UNCERTAIN,No,UNCERTAIN,No,NO,NO,YES
SEN,Senegal,AVAILABLE,Yes,AVAILABLE,No,UNAVAILABLE,No,UNAVAILABLE,No,YES,NO,NO
SGP,Singapore,UNAVAILABLE,Yes,UNAVAILABLE,Yes,UNAVAILABLE,No,UNAVAILABLE,Yes,NO,NO,NO
SLB,Solomon Islands,UNCERTAIN,Yes,UNAVAILABLE,No,UNAVAILABLE,No,UNAVAILABLE,No,NO,NO,NO
SLE,Sierra Leone,UNCERTAIN,No,UNCERTAIN,No,UNCERTAIN,No,UNCERTAIN,No,NO,NO,YES
SLV,El Salvador,UNAVAILABLE,Yes,UNAVAILABLE,No,UNAVAILABLE,No,AVAILABLE,Yes,YES,NO,NO
SMR,San Marino,UNAVAILABLE,No,UNAVAILABLE,No,UNCERTAIN,,UNAVAILABLE,No,NO,NO,NO
SOM,Somalia,UNCERTAIN,No,UNCERTAIN,No,UNCERTAIN,,UNCERTAIN,No,NO,NO,YES
SRB,Serbia,UNAVAILABLE,Yes,UNAVAILABLE,No,UNAVAILABLE,Yes,UNAVAILABLE,Yes,NO,NO,NO
SSD,South Sudan,UNCERTAIN,,UNCERTAIN,,UNCERTAIN,,UNCERTAIN,,NO,NO,YES
STP,São Tomé and Príncipe,UNAVAILABLE,No,UNAVAILABLE,No,UNAVAILABLE,No,UNAVAILABLE,No,NO,NO,NO
SUR,Suriname,UNCERTAIN,Yes,UNCERTAIN,Yes,UNCERTAIN,No,UNCERTAIN,Yes,NO,NO,YES
SVK,Slovakia,AVAILABLE,Yes,UNAVAILABLE,Yes,UNAVAILABLE,Yes,UNAVAILABLE,No,YES,NO,NO
SVN,Slovenia,AVAILABLE,Yes,AVAILABLE,Yes,UNAVAILABLE,No,UNAVAILABLE,No,YES,NO,NO
SWE,Sweden,AVAILABLE,Yes,AVAILABLE,Yes,AVAILABLE,Yes,AVAILABLE,Yes,YES,YES,NO
SWZ,Swaziland,AVAILABLE,Yes,AVAILABLE,Yes,AVAILABLE,No,AVAILABLE,Yes,YES,YES,NO
SYC,Seychelles,UNCERTAIN,Yes,UNAVAILABLE,No,UNAVAILABLE,No,UNCERTAIN,Yes,NO,NO,NO
SYR,Syria,UNCERTAIN,No,UNCERTAIN,Yes,UNCERTAIN,No,UNCERTAIN,Yes,NO,NO,YES
TCD,Chad,UNCERTAIN,Yes,AVAILABLE,No,UNAVAILABLE,No,UNAVAILABLE,No,YES,NO,NO
TGO,Togo,UNAVAILABLE,No,UNAVAILABLE,No,UNAVAILABLE,No,UNAVAILABLE,No,NO,NO,NO
THA,Thailand,UNAVAILABLE,Yes,UNAVAILABLE,Yes,UNAVAILABLE,Yes,UNAVAILABLE,Yes,NO,NO,NO
TJK,Tajikistan,AVAILABLE,No,UNAVAILABLE,No,AVAILABLE,,UNAVAILABLE,No,YES,NO,NO
TKM,Turkmenistan,UNCERTAIN,Yes,UNCERTAIN,Yes,UNAVAILABLE,No,UNCERTAIN,Yes,NO,NO,NO
TLS,East Timor,UNAVAILABLE,No,UNAVAILABLE,No,UNAVAILABLE,,UNAVAILABLE,No,NO,NO,NO
TON,Tonga,UNCERTAIN,Yes,UNCERTAIN,No,UNCERTAIN,No,UNCERTAIN,No,NO,NO,YES
TTO,Trinidad and Tobago,UNCERTAIN,Yes,UNAVAILABLE,No,UNAVAILABLE,No,UNAVAILABLE,Yes,NO,NO,NO
TUN,Tunisia,AVAILABLE,Yes,UNAVAILABLE,No,UNAVAILABLE,No,UNAVAILABLE,No,YES,NO,NO
TUR,Turkey,UNAVAILABLE,Yes,UNCERTAIN,Yes,UNCERTAIN,Yes,UNCERTAIN,Yes,NO,NO,NO
TUV,Tuvalu,UNCERTAIN,No,UNCERTAIN,No,UNCERTAIN,No,UNCERTAIN,No,NO,NO,YES
TZA,Tanzania,UNAVAILABLE,No,UNAVAILABLE,No,UNAVAILABLE,No,UNAVAILABLE,No,NO,NO,NO
UGA,Uganda,AVAILABLE,Yes,UNAVAILABLE,No,UNAVAILABLE,,UNAVAILABLE,No,YES,NO,NO
UKR,Ukraine,AVAILABLE,Yes,AVAILABLE,Yes,AVAILABLE,Yes,AVAILABLE,No,YES,YES,NO
URY,Uruguay,AVAILABLE,Yes,UNAVAILABLE,No,UNAVAILABLE,No,UNAVAILABLE,Yes,YES,NO,NO
USA,United States of America,AVAILABLE,Yes,AVAILABLE,Yes,UNAVAILABLE,No,AVAILABLE,Yes,YES,YES,NO
UZB,Uzbekistan,AVAILABLE,Yes,AVAILABLE,Yes,AVAILABLE,Yes,UNAVAILABLE,No,YES,NO,NO
VCT,Saint Vincent and the Grenadines,UNAVAILABLE,No,UNAVAILABLE,No,UNAVAILABLE,,UNAVAILABLE,No,NO,NO,NO
VEN,Venezuela,UNAVAILABLE,Yes,UNAVAILABLE,Yes,UNAVAILABLE,No,AVAILABLE,Yes,YES,NO,NO
VNM,Vietnam,AVAILABLE,Yes,UNAVAILABLE,No,UNAVAILABLE,No,AVAILABLE,No,YES,NO,NO
VUT,Vanuatu,UNCERTAIN,Yes,UNCERTAIN,Yes,UNAVAILABLE,No,UNCERTAIN,Yes,NO,NO,NO
WSM,Samoa,UNCERTAIN,Yes,UNAVAILABLE,No,UNAVAILABLE,No,UNAVAILABLE,No,NO,NO,NO
YEM,Yemen,UNAVAILABLE,No,UNAVAILABLE,No,UNAVAILABLE,,UNAVAILABLE,No,NO,NO,NO
ZAF,South Africa,AVAILABLE,Yes,AVAILABLE,Yes,AVAILABLE,,AVAILABLE,Yes,YES,YES,NO
ZMB,Zambia,UNAVAILABLE,Yes,UNAVAILABLE,Yes,UNAVAILABLE,Yes,UNAVAILABLE,Yes,NO,NO,NO
ZWE,Zimbabwe,UNAVAILABLE,Yes,UNAVAILABLE,No,UNAVAILABLE,No,UNAVAILABLE,No,NO,NO,NO
